insert into dictionary (id, datacode, dataname, datatype, datatypename, displayorder, parentcode) values (3, 'A', '护照', 'certtype', '证件类型', null, null);
insert into dictionary (id, datacode, dataname, datatype, datatypename, displayorder, parentcode) values (5, '2', '军官证', 'certtype', '证件类型', null, null);
insert into dictionary (id, datacode, dataname, datatype, datatypename, displayorder, parentcode) values (6, 'B', '其他证件', 'certtype', '证件类型', null, null);
insert into dictionary (id, datacode, dataname, datatype, datatypename, displayorder, parentcode) values (7, '1', '身份证', 'certtype', '证件类型', null, null);
insert into dictionary (id, datacode, dataname, datatype, datatypename, displayorder, parentcode) values (8, '3', '士兵证', 'certtype', '证件类型', null, null);
insert into dictionary (id, datacode, dataname, datatype, datatypename, displayorder, parentcode) values (12, '0', '系统内部', 'instclass', '部门类别', null, null);
insert into dictionary (id, datacode, dataname, datatype, datatypename, displayorder, parentcode) values (13, '1', '机关内部', 'instclass', '部门类别', null, null);
insert into dictionary (id, datacode, dataname, datatype, datatypename, displayorder, parentcode) values (14, '1', '正常', 'logoffflag', '注销状态', null, null);
insert into dictionary (id, datacode, dataname, datatype, datatypename, displayorder, parentcode) values (15, '2', '注销', 'logoffflag', '注销状态', null, null);
insert into dictionary (id, datacode, dataname, datatype, datatypename, displayorder, parentcode) values (16, '1', '否', 'yesno', '是否状态', null, null);
insert into dictionary (id, datacode, dataname, datatype, datatypename, displayorder, parentcode) values (17, '0', '是', 'yesno', '是否状态', null, null);
insert into dictionary (id, datacode, dataname, datatype, datatypename, displayorder, parentcode) values (18, 'B', '无业人员', 'posttype', '前职业', null, null);
insert into dictionary (id, datacode, dataname, datatype, datatypename, displayorder, parentcode) values (19, '7', '学生', 'posttype', '前职业', null, null);
insert into dictionary (id, datacode, dataname, datatype, datatypename, displayorder, parentcode) values (20, '6', '农民', 'posttype', '前职业', null, null);
insert into dictionary (id, datacode, dataname, datatype, datatypename, displayorder, parentcode) values (21, '9', '自由职业者', 'posttype', '前职业', null, null);
insert into dictionary (id, datacode, dataname, datatype, datatypename, displayorder, parentcode) values (22, 'C', '退（离）休人员', 'posttype', '前职业', null, null);
insert into dictionary (id, datacode, dataname, datatype, datatypename, displayorder, parentcode) values (23, '5', '工人', 'posttype', '前职业', null, null);
insert into dictionary (id, datacode, dataname, datatype, datatypename, displayorder, parentcode) values (24, '3', '职员', 'posttype', '前职业', null, null);
insert into dictionary (id, datacode, dataname, datatype, datatypename, displayorder, parentcode) values (25, 'Z', '其他', 'posttype', '前职业', null, null);
insert into dictionary (id, datacode, dataname, datatype, datatypename, displayorder, parentcode) values (26, 'A', '个体经营者', 'posttype', '前职业', null, null);
insert into dictionary (id, datacode, dataname, datatype, datatypename, displayorder, parentcode) values (27, '1', '国家公务人员', 'posttype', '前职业', null, null);
insert into dictionary (id, datacode, dataname, datatype, datatypename, displayorder, parentcode) values (28, '8', '现役军人', 'posttype', '前职业', null, null);
insert into dictionary (id, datacode, dataname, datatype, datatypename, displayorder, parentcode) values (29, '2', '专业技术人员', 'posttype', '前职业', null, null);
insert into dictionary (id, datacode, dataname, datatype, datatypename, displayorder, parentcode) values (30, '4', '企业管理人员', 'posttype', '前职业', null, null);
insert into dictionary (id, datacode, dataname, datatype, datatypename, displayorder, parentcode) values (31, '34', '安徽省', 'province', '行政区划代码', null, null);
insert into dictionary (id, datacode, dataname, datatype, datatypename, displayorder, parentcode) values (33, '11', '北京市', 'province', '行政区划代码', null, null);
insert into dictionary (id, datacode, dataname, datatype, datatypename, displayorder, parentcode) values (34, '35', '福建省', 'province', '行政区划代码', null, null);
insert into dictionary (id, datacode, dataname, datatype, datatypename, displayorder, parentcode) values (35, '62', '甘肃省', 'province', '行政区划代码', null, null);
insert into dictionary (id, datacode, dataname, datatype, datatypename, displayorder, parentcode) values (36, '44', '广东省', 'province', '行政区划代码', null, null);
insert into dictionary (id, datacode, dataname, datatype, datatypename, displayorder, parentcode) values (37, '45', '广西壮族自治区', 'province', '行政区划代码', null, null);
insert into dictionary (id, datacode, dataname, datatype, datatypename, displayorder, parentcode) values (38, '52', '贵州省', 'province', '行政区划代码', null, null);
insert into dictionary (id, datacode, dataname, datatype, datatypename, displayorder, parentcode) values (39, '46', '海南省', 'province', '行政区划代码', null, null);
insert into dictionary (id, datacode, dataname, datatype, datatypename, displayorder, parentcode) values (40, '13', '河北省', 'province', '行政区划代码', null, null);
insert into dictionary (id, datacode, dataname, datatype, datatypename, displayorder, parentcode) values (41, '41', '河南省', 'province', '行政区划代码', null, null);
insert into dictionary (id, datacode, dataname, datatype, datatypename, displayorder, parentcode) values (42, '23', '黑龙江省', 'province', '行政区划代码', null, null);
insert into dictionary (id, datacode, dataname, datatype, datatypename, displayorder, parentcode) values (43, '42', '湖北省', 'province', '行政区划代码', null, null);
insert into dictionary (id, datacode, dataname, datatype, datatypename, displayorder, parentcode) values (44, '43', '湖南省', 'province', '行政区划代码', null, null);
insert into dictionary (id, datacode, dataname, datatype, datatypename, displayorder, parentcode) values (45, '22', '吉林省', 'province', '行政区划代码', null, null);
insert into dictionary (id, datacode, dataname, datatype, datatypename, displayorder, parentcode) values (46, '32', '江苏省', 'province', '行政区划代码', null, null);
insert into dictionary (id, datacode, dataname, datatype, datatypename, displayorder, parentcode) values (47, '36', '江西省', 'province', '行政区划代码', null, null);
insert into dictionary (id, datacode, dataname, datatype, datatypename, displayorder, parentcode) values (48, '21', '辽宁省', 'province', '行政区划代码', null, null);
insert into dictionary (id, datacode, dataname, datatype, datatypename, displayorder, parentcode) values (49, '15', '内蒙古自治区', 'province', '行政区划代码', null, null);
insert into dictionary (id, datacode, dataname, datatype, datatypename, displayorder, parentcode) values (50, '64', '宁夏回族自治区', 'province', '行政区划代码', null, null);
insert into dictionary (id, datacode, dataname, datatype, datatypename, displayorder, parentcode) values (51, '63', '青海省', 'province', '行政区划代码', null, null);
insert into dictionary (id, datacode, dataname, datatype, datatypename, displayorder, parentcode) values (52, '37', '山东省', 'province', '行政区划代码', null, null);
insert into dictionary (id, datacode, dataname, datatype, datatypename, displayorder, parentcode) values (53, '14', '山西省', 'province', '行政区划代码', null, null);
insert into dictionary (id, datacode, dataname, datatype, datatypename, displayorder, parentcode) values (54, '61', '陕西省', 'province', '行政区划代码', null, null);
insert into dictionary (id, datacode, dataname, datatype, datatypename, displayorder, parentcode) values (55, '31', '上海市', 'province', '行政区划代码', null, null);
insert into dictionary (id, datacode, dataname, datatype, datatypename, displayorder, parentcode) values (56, '51', '四川省', 'province', '行政区划代码', null, null);
insert into dictionary (id, datacode, dataname, datatype, datatypename, displayorder, parentcode) values (57, '71', '台湾省', 'province', '行政区划代码', null, null);
insert into dictionary (id, datacode, dataname, datatype, datatypename, displayorder, parentcode) values (58, '12', '天津市', 'province', '行政区划代码', null, null);
insert into dictionary (id, datacode, dataname, datatype, datatypename, displayorder, parentcode) values (59, '54', '西藏自治区', 'province', '行政区划代码', null, null);
insert into dictionary (id, datacode, dataname, datatype, datatypename, displayorder, parentcode) values (61, '65', '新疆维吾尔自治区', 'province', '行政区划代码', null, null);
insert into dictionary (id, datacode, dataname, datatype, datatypename, displayorder, parentcode) values (62, '53', '云南省', 'province', '行政区划代码', null, null);
insert into dictionary (id, datacode, dataname, datatype, datatypename, displayorder, parentcode) values (63, '33', '浙江省', 'province', '行政区划代码', null, null);
insert into dictionary (id, datacode, dataname, datatype, datatypename, displayorder, parentcode) values (64, '50', '重庆市', 'province', '行政区划代码', null, null);
insert into dictionary (id, datacode, dataname, datatype, datatypename, displayorder, parentcode) values (65, '10', '临汾市', 'city', '行政区划代码', null, '14');
insert into dictionary (id, datacode, dataname, datatype, datatypename, displayorder, parentcode) values (66, '29', '临夏回族自治州', 'city', '行政区划代码', null, '62');
insert into dictionary (id, datacode, dataname, datatype, datatypename, displayorder, parentcode) values (67, '13', '临沂市', 'city', '行政区划代码', null, '37');
insert into dictionary (id, datacode, dataname, datatype, datatypename, displayorder, parentcode) values (68, '02', '柳州市', 'city', '行政区划代码', null, '45');
insert into dictionary (id, datacode, dataname, datatype, datatypename, displayorder, parentcode) values (69, '15', '六安市', 'city', '行政区划代码', null, '34');
insert into dictionary (id, datacode, dataname, datatype, datatypename, displayorder, parentcode) values (70, '02', '六盘水市', 'city', '行政区划代码', null, '52');
insert into dictionary (id, datacode, dataname, datatype, datatypename, displayorder, parentcode) values (71, '08', '龙岩市', 'city', '行政区划代码', null, '35');
insert into dictionary (id, datacode, dataname, datatype, datatypename, displayorder, parentcode) values (72, '12', '陇南市', 'city', '行政区划代码', null, '62');
insert into dictionary (id, datacode, dataname, datatype, datatypename, displayorder, parentcode) values (73, '13', '娄底市', 'city', '行政区划代码', null, '43');
insert into dictionary (id, datacode, dataname, datatype, datatypename, displayorder, parentcode) values (74, '11', '吕梁市', 'city', '行政区划代码', null, '14');
insert into dictionary (id, datacode, dataname, datatype, datatypename, displayorder, parentcode) values (75, '03', '洛阳市', 'city', '行政区划代码', null, '41');
insert into dictionary (id, datacode, dataname, datatype, datatypename, displayorder, parentcode) values (76, '05', '马鞍山市', 'city', '行政区划代码', null, '34');
insert into dictionary (id, datacode, dataname, datatype, datatypename, displayorder, parentcode) values (77, '09', '茂名市', 'city', '行政区划代码', null, '44');
insert into dictionary (id, datacode, dataname, datatype, datatypename, displayorder, parentcode) values (78, '14', '梅州市', 'city', '行政区划代码', null, '44');
insert into dictionary (id, datacode, dataname, datatype, datatypename, displayorder, parentcode) values (79, '14', '眉山市', 'city', '行政区划代码', null, '51');
insert into dictionary (id, datacode, dataname, datatype, datatypename, displayorder, parentcode) values (80, '07', '绵阳市', 'city', '行政区划代码', null, '51');
insert into dictionary (id, datacode, dataname, datatype, datatypename, displayorder, parentcode) values (81, '10', '牡丹江市', 'city', '行政区划代码', null, '23');
insert into dictionary (id, datacode, dataname, datatype, datatypename, displayorder, parentcode) values (82, '24', '那曲地区', 'city', '行政区划代码', null, '54');
insert into dictionary (id, datacode, dataname, datatype, datatypename, displayorder, parentcode) values (83, '01', '南昌市', 'city', '行政区划代码', null, '36');
insert into dictionary (id, datacode, dataname, datatype, datatypename, displayorder, parentcode) values (84, '13', '南充市', 'city', '行政区划代码', null, '51');
insert into dictionary (id, datacode, dataname, datatype, datatypename, displayorder, parentcode) values (85, '01', '南京市', 'city', '行政区划代码', null, '32');
insert into dictionary (id, datacode, dataname, datatype, datatypename, displayorder, parentcode) values (86, '01', '南宁市', 'city', '行政区划代码', null, '45');
insert into dictionary (id, datacode, dataname, datatype, datatypename, displayorder, parentcode) values (87, '07', '南平市', 'city', '行政区划代码', null, '35');
insert into dictionary (id, datacode, dataname, datatype, datatypename, displayorder, parentcode) values (88, '06', '南通市', 'city', '行政区划代码', null, '32');
insert into dictionary (id, datacode, dataname, datatype, datatypename, displayorder, parentcode) values (89, '13', '南阳市', 'city', '行政区划代码', null, '41');
insert into dictionary (id, datacode, dataname, datatype, datatypename, displayorder, parentcode) values (90, '10', '内江市', 'city', '行政区划代码', null, '51');
insert into dictionary (id, datacode, dataname, datatype, datatypename, displayorder, parentcode) values (91, '02', '宁波市', 'city', '行政区划代码', null, '33');
insert into dictionary (id, datacode, dataname, datatype, datatypename, displayorder, parentcode) values (92, '09', '宁德市', 'city', '行政区划代码', null, '35');
insert into dictionary (id, datacode, dataname, datatype, datatypename, displayorder, parentcode) values (93, '33', '怒江傈僳族自治州', 'city', '行政区划代码', null, '53');
insert into dictionary (id, datacode, dataname, datatype, datatypename, displayorder, parentcode) values (94, '04', '攀枝花市', 'city', '行政区划代码', null, '51');
insert into dictionary (id, datacode, dataname, datatype, datatypename, displayorder, parentcode) values (95, '11', '盘锦市', 'city', '行政区划代码', null, '21');
insert into dictionary (id, datacode, dataname, datatype, datatypename, displayorder, parentcode) values (96, '03', '萍乡市', 'city', '行政区划代码', null, '36');
insert into dictionary (id, datacode, dataname, datatype, datatypename, displayorder, parentcode) values (97, '04', '平顶山市', 'city', '行政区划代码', null, '41');
insert into dictionary (id, datacode, dataname, datatype, datatypename, displayorder, parentcode) values (98, '08', '平凉市', 'city', '行政区划代码', null, '62');
insert into dictionary (id, datacode, dataname, datatype, datatypename, displayorder, parentcode) values (99, '03', '莆田市', 'city', '行政区划代码', null, '35');
insert into dictionary (id, datacode, dataname, datatype, datatypename, displayorder, parentcode) values (100, '08', '普洱市', 'city', '行政区划代码', null, '53');
insert into dictionary (id, datacode, dataname, datatype, datatypename, displayorder, parentcode) values (101, '09', '七台河市', 'city', '行政区划代码', null, '23');
insert into dictionary (id, datacode, dataname, datatype, datatypename, displayorder, parentcode) values (102, '02', '齐齐哈尔市', 'city', '行政区划代码', null, '23');
insert into dictionary (id, datacode, dataname, datatype, datatypename, displayorder, parentcode) values (103, '26', '黔东南苗族侗族自治州', 'city', '行政区划代码', null, '52');
insert into dictionary (id, datacode, dataname, datatype, datatypename, displayorder, parentcode) values (104, '27', '黔南布依族苗族自治州', 'city', '行政区划代码', null, '52');
insert into dictionary (id, datacode, dataname, datatype, datatypename, displayorder, parentcode) values (105, '23', '黔西南布依族苗族自治州', 'city', '行政区划代码', null, '52');
insert into dictionary (id, datacode, dataname, datatype, datatypename, displayorder, parentcode) values (106, '07', '钦州市', 'city', '行政区划代码', null, '45');
insert into dictionary (id, datacode, dataname, datatype, datatypename, displayorder, parentcode) values (107, '03', '秦皇岛市', 'city', '行政区划代码', null, '13');
insert into dictionary (id, datacode, dataname, datatype, datatypename, displayorder, parentcode) values (108, '02', '青岛市', 'city', '行政区划代码', null, '37');
insert into dictionary (id, datacode, dataname, datatype, datatypename, displayorder, parentcode) values (109, '18', '清远市', 'city', '行政区划代码', null, '44');
insert into dictionary (id, datacode, dataname, datatype, datatypename, displayorder, parentcode) values (110, '10', '庆阳市', 'city', '行政区划代码', null, '62');
insert into dictionary (id, datacode, dataname, datatype, datatypename, displayorder, parentcode) values (111, '03', '曲靖市', 'city', '行政区划代码', null, '53');
insert into dictionary (id, datacode, dataname, datatype, datatypename, displayorder, parentcode) values (112, '05', '泉州市', 'city', '行政区划代码', null, '35');
insert into dictionary (id, datacode, dataname, datatype, datatypename, displayorder, parentcode) values (113, '02', '日喀则市', 'city', '行政区划代码', null, '54');
insert into dictionary (id, datacode, dataname, datatype, datatypename, displayorder, parentcode) values (114, '11', '日照市', 'city', '行政区划代码', null, '37');
insert into dictionary (id, datacode, dataname, datatype, datatypename, displayorder, parentcode) values (115, '12', '三门峡市', 'city', '行政区划代码', null, '41');
insert into dictionary (id, datacode, dataname, datatype, datatypename, displayorder, parentcode) values (116, '04', '三明市', 'city', '行政区划代码', null, '35');
insert into dictionary (id, datacode, dataname, datatype, datatypename, displayorder, parentcode) values (117, '03', '三沙市', 'city', '行政区划代码', null, '46');
insert into dictionary (id, datacode, dataname, datatype, datatypename, displayorder, parentcode) values (118, '02', '三亚市', 'city', '行政区划代码', null, '46');
insert into dictionary (id, datacode, dataname, datatype, datatypename, displayorder, parentcode) values (119, '22', '山南地区', 'city', '行政区划代码', null, '54');
insert into dictionary (id, datacode, dataname, datatype, datatypename, displayorder, parentcode) values (120, '05', '汕头市', 'city', '行政区划代码', null, '44');
insert into dictionary (id, datacode, dataname, datatype, datatypename, displayorder, parentcode) values (121, '15', '汕尾市', 'city', '行政区划代码', null, '44');
insert into dictionary (id, datacode, dataname, datatype, datatypename, displayorder, parentcode) values (122, '10', '商洛市', 'city', '行政区划代码', null, '61');
insert into dictionary (id, datacode, dataname, datatype, datatypename, displayorder, parentcode) values (123, '14', '商丘市', 'city', '行政区划代码', null, '41');
insert into dictionary (id, datacode, dataname, datatype, datatypename, displayorder, parentcode) values (124, '11', '上饶市', 'city', '行政区划代码', null, '36');
insert into dictionary (id, datacode, dataname, datatype, datatypename, displayorder, parentcode) values (125, '02', '韶关市', 'city', '行政区划代码', null, '44');
insert into dictionary (id, datacode, dataname, datatype, datatypename, displayorder, parentcode) values (126, '05', '邵阳市', 'city', '行政区划代码', null, '43');
insert into dictionary (id, datacode, dataname, datatype, datatypename, displayorder, parentcode) values (127, '06', '绍兴市', 'city', '行政区划代码', null, '33');
insert into dictionary (id, datacode, dataname, datatype, datatypename, displayorder, parentcode) values (128, '03', '深圳市', 'city', '行政区划代码', null, '44');
insert into dictionary (id, datacode, dataname, datatype, datatypename, displayorder, parentcode) values (129, '01', '沈阳市', 'city', '行政区划代码', null, '21');
insert into dictionary (id, datacode, dataname, datatype, datatypename, displayorder, parentcode) values (130, '90', '省直辖县级行政区划', 'city', '行政区划代码', null, '41');
insert into dictionary (id, datacode, dataname, datatype, datatypename, displayorder, parentcode) values (131, '90', '省直辖县级行政区划', 'city', '行政区划代码', null, '42');
insert into dictionary (id, datacode, dataname, datatype, datatypename, displayorder, parentcode) values (132, '90', '省直辖县级行政区划', 'city', '行政区划代码', null, '46');
insert into dictionary (id, datacode, dataname, datatype, datatypename, displayorder, parentcode) values (133, '03', '十堰市', 'city', '行政区划代码', null, '42');
insert into dictionary (id, datacode, dataname, datatype, datatypename, displayorder, parentcode) values (134, '01', '石家庄市', 'city', '行政区划代码', null, '13');
insert into dictionary (id, datacode, dataname, datatype, datatypename, displayorder, parentcode) values (135, '02', '石嘴山市', 'city', '行政区划代码', null, '64');
insert into dictionary (id, datacode, dataname, datatype, datatypename, displayorder, parentcode) values (136, '01', '市辖区', 'city', '行政区划代码', null, '11');
insert into dictionary (id, datacode, dataname, datatype, datatypename, displayorder, parentcode) values (137, '01', '市辖区', 'city', '行政区划代码', null, '12');
insert into dictionary (id, datacode, dataname, datatype, datatypename, displayorder, parentcode) values (138, '01', '市辖区', 'city', '行政区划代码', null, '31');
insert into dictionary (id, datacode, dataname, datatype, datatypename, displayorder, parentcode) values (139, '01', '市辖区', 'city', '行政区划代码', null, '50');
insert into dictionary (id, datacode, dataname, datatype, datatypename, displayorder, parentcode) values (140, '05', '双鸭山市', 'city', '行政区划代码', null, '23');
insert into dictionary (id, datacode, dataname, datatype, datatypename, displayorder, parentcode) values (141, '06', '朔州市', 'city', '行政区划代码', null, '14');
insert into dictionary (id, datacode, dataname, datatype, datatypename, displayorder, parentcode) values (142, '03', '四平市', 'city', '行政区划代码', null, '22');
insert into dictionary (id, datacode, dataname, datatype, datatypename, displayorder, parentcode) values (143, '07', '松原市', 'city', '行政区划代码', null, '22');
insert into dictionary (id, datacode, dataname, datatype, datatypename, displayorder, parentcode) values (144, '05', '苏州市', 'city', '行政区划代码', null, '32');
insert into dictionary (id, datacode, dataname, datatype, datatypename, displayorder, parentcode) values (145, '13', '宿迁市', 'city', '行政区划代码', null, '32');
insert into dictionary (id, datacode, dataname, datatype, datatypename, displayorder, parentcode) values (146, '13', '宿州市', 'city', '行政区划代码', null, '34');
insert into dictionary (id, datacode, dataname, datatype, datatypename, displayorder, parentcode) values (147, '13', '随州市', 'city', '行政区划代码', null, '42');
insert into dictionary (id, datacode, dataname, datatype, datatypename, displayorder, parentcode) values (148, '12', '绥化市', 'city', '行政区划代码', null, '23');
insert into dictionary (id, datacode, dataname, datatype, datatypename, displayorder, parentcode) values (149, '09', '遂宁市', 'city', '行政区划代码', null, '51');
insert into dictionary (id, datacode, dataname, datatype, datatypename, displayorder, parentcode) values (150, '42', '塔城地区', 'city', '行政区划代码', null, '65');
insert into dictionary (id, datacode, dataname, datatype, datatypename, displayorder, parentcode) values (151, '10', '台州市', 'city', '行政区划代码', null, '33');
insert into dictionary (id, datacode, dataname, datatype, datatypename, displayorder, parentcode) values (152, '09', '泰安市', 'city', '行政区划代码', null, '37');
insert into dictionary (id, datacode, dataname, datatype, datatypename, displayorder, parentcode) values (153, '12', '泰州市', 'city', '行政区划代码', null, '32');
insert into dictionary (id, datacode, dataname, datatype, datatypename, displayorder, parentcode) values (154, '01', '太原市', 'city', '行政区划代码', null, '14');
insert into dictionary (id, datacode, dataname, datatype, datatypename, displayorder, parentcode) values (155, '02', '唐山市', 'city', '行政区划代码', null, '13');
insert into dictionary (id, datacode, dataname, datatype, datatypename, displayorder, parentcode) values (156, '05', '天水市', 'city', '行政区划代码', null, '62');
insert into dictionary (id, datacode, dataname, datatype, datatypename, displayorder, parentcode) values (157, '12', '铁岭市', 'city', '行政区划代码', null, '21');
insert into dictionary (id, datacode, dataname, datatype, datatypename, displayorder, parentcode) values (158, '05', '通化市', 'city', '行政区划代码', null, '22');
insert into dictionary (id, datacode, dataname, datatype, datatypename, displayorder, parentcode) values (159, '05', '通辽市', 'city', '行政区划代码', null, '15');
insert into dictionary (id, datacode, dataname, datatype, datatypename, displayorder, parentcode) values (160, '02', '铜川市', 'city', '行政区划代码', null, '61');
insert into dictionary (id, datacode, dataname, datatype, datatypename, displayorder, parentcode) values (161, '07', '铜陵市', 'city', '行政区划代码', null, '34');
insert into dictionary (id, datacode, dataname, datatype, datatypename, displayorder, parentcode) values (162, '06', '铜仁市', 'city', '行政区划代码', null, '52');
insert into dictionary (id, datacode, dataname, datatype, datatypename, displayorder, parentcode) values (163, '21', '吐鲁番地区', 'city', '行政区划代码', null, '65');
insert into dictionary (id, datacode, dataname, datatype, datatypename, displayorder, parentcode) values (164, '10', '威海市', 'city', '行政区划代码', null, '37');
insert into dictionary (id, datacode, dataname, datatype, datatypename, displayorder, parentcode) values (165, '07', '潍坊市', 'city', '行政区划代码', null, '37');
insert into dictionary (id, datacode, dataname, datatype, datatypename, displayorder, parentcode) values (166, '05', '渭南市', 'city', '行政区划代码', null, '61');
insert into dictionary (id, datacode, dataname, datatype, datatypename, displayorder, parentcode) values (167, '03', '温州市', 'city', '行政区划代码', null, '33');
insert into dictionary (id, datacode, dataname, datatype, datatypename, displayorder, parentcode) values (168, '26', '文山壮族苗族自治州', 'city', '行政区划代码', null, '53');
insert into dictionary (id, datacode, dataname, datatype, datatypename, displayorder, parentcode) values (169, '03', '乌海市', 'city', '行政区划代码', null, '15');
insert into dictionary (id, datacode, dataname, datatype, datatypename, displayorder, parentcode) values (170, '09', '乌兰察布市', 'city', '行政区划代码', null, '15');
insert into dictionary (id, datacode, dataname, datatype, datatypename, displayorder, parentcode) values (171, '01', '乌鲁木齐市', 'city', '行政区划代码', null, '65');
insert into dictionary (id, datacode, dataname, datatype, datatypename, displayorder, parentcode) values (172, '02', '无锡市', 'city', '行政区划代码', null, '32');
insert into dictionary (id, datacode, dataname, datatype, datatypename, displayorder, parentcode) values (173, '02', '芜湖市', 'city', '行政区划代码', null, '34');
insert into dictionary (id, datacode, dataname, datatype, datatypename, displayorder, parentcode) values (174, '04', '梧州市', 'city', '行政区划代码', null, '45');
insert into dictionary (id, datacode, dataname, datatype, datatypename, displayorder, parentcode) values (175, '03', '吴忠市', 'city', '行政区划代码', null, '64');
insert into dictionary (id, datacode, dataname, datatype, datatypename, displayorder, parentcode) values (176, '01', '武汉市', 'city', '行政区划代码', null, '42');
insert into dictionary (id, datacode, dataname, datatype, datatypename, displayorder, parentcode) values (177, '06', '武威市', 'city', '行政区划代码', null, '62');
insert into dictionary (id, datacode, dataname, datatype, datatypename, displayorder, parentcode) values (178, '01', '西安市', 'city', '行政区划代码', null, '61');
insert into dictionary (id, datacode, dataname, datatype, datatypename, displayorder, parentcode) values (179, '01', '西宁市', 'city', '行政区划代码', null, '63');
insert into dictionary (id, datacode, dataname, datatype, datatypename, displayorder, parentcode) values (180, '28', '西双版纳傣族自治州', 'city', '行政区划代码', null, '53');
insert into dictionary (id, datacode, dataname, datatype, datatypename, displayorder, parentcode) values (181, '25', '锡林郭勒盟', 'city', '行政区划代码', null, '15');
insert into dictionary (id, datacode, dataname, datatype, datatypename, displayorder, parentcode) values (182, '02', '厦门市', 'city', '行政区划代码', null, '35');
insert into dictionary (id, datacode, dataname, datatype, datatypename, displayorder, parentcode) values (183, '12', '咸宁市', 'city', '行政区划代码', null, '42');
insert into dictionary (id, datacode, dataname, datatype, datatypename, displayorder, parentcode) values (184, '04', '咸阳市', 'city', '行政区划代码', null, '61');
insert into dictionary (id, datacode, dataname, datatype, datatypename, displayorder, parentcode) values (185, '02', '县1', 'city', '行政区划代码', null, '11');
insert into dictionary (id, datacode, dataname, datatype, datatypename, displayorder, parentcode) values (186, '02', '县', 'city', '行政区划代码', null, '12');
insert into dictionary (id, datacode, dataname, datatype, datatypename, displayorder, parentcode) values (187, '02', '县', 'city', '行政区划代码', null, '31');
insert into dictionary (id, datacode, dataname, datatype, datatypename, displayorder, parentcode) values (188, '02', '县', 'city', '行政区划代码', null, '50');
insert into dictionary (id, datacode, dataname, datatype, datatypename, displayorder, parentcode) values (189, '06', '襄阳市', 'city', '行政区划代码', null, '42');
insert into dictionary (id, datacode, dataname, datatype, datatypename, displayorder, parentcode) values (190, '03', '湘潭市', 'city', '行政区划代码', null, '43');
insert into dictionary (id, datacode, dataname, datatype, datatypename, displayorder, parentcode) values (191, '31', '湘西土家族苗族自治州', 'city', '行政区划代码', null, '43');
insert into dictionary (id, datacode, dataname, datatype, datatypename, displayorder, parentcode) values (192, '09', '孝感市', 'city', '行政区划代码', null, '42');
insert into dictionary (id, datacode, dataname, datatype, datatypename, displayorder, parentcode) values (193, '07', '新乡市', 'city', '行政区划代码', null, '41');
insert into dictionary (id, datacode, dataname, datatype, datatypename, displayorder, parentcode) values (194, '05', '新余市', 'city', '行政区划代码', null, '36');
insert into dictionary (id, datacode, dataname, datatype, datatypename, displayorder, parentcode) values (195, '09', '忻州市', 'city', '行政区划代码', null, '14');
insert into dictionary (id, datacode, dataname, datatype, datatypename, displayorder, parentcode) values (196, '15', '信阳市', 'city', '行政区划代码', null, '41');
insert into dictionary (id, datacode, dataname, datatype, datatypename, displayorder, parentcode) values (197, '22', '兴安盟', 'city', '行政区划代码', null, '15');
insert into dictionary (id, datacode, dataname, datatype, datatypename, displayorder, parentcode) values (198, '05', '邢台市', 'city', '行政区划代码', null, '13');
insert into dictionary (id, datacode, dataname, datatype, datatypename, displayorder, parentcode) values (199, '03', '徐州市', 'city', '行政区划代码', null, '32');
insert into dictionary (id, datacode, dataname, datatype, datatypename, displayorder, parentcode) values (200, '10', '许昌市', 'city', '行政区划代码', null, '41');
insert into dictionary (id, datacode, dataname, datatype, datatypename, displayorder, parentcode) values (201, '18', '宣城市', 'city', '行政区划代码', null, '34');
insert into dictionary (id, datacode, dataname, datatype, datatypename, displayorder, parentcode) values (202, '18', '雅安市', 'city', '行政区划代码', null, '51');
insert into dictionary (id, datacode, dataname, datatype, datatypename, displayorder, parentcode) values (203, '06', '烟台市', 'city', '行政区划代码', null, '37');
insert into dictionary (id, datacode, dataname, datatype, datatypename, displayorder, parentcode) values (204, '09', '盐城市', 'city', '行政区划代码', null, '32');
insert into dictionary (id, datacode, dataname, datatype, datatypename, displayorder, parentcode) values (205, '06', '延安市', 'city', '行政区划代码', null, '61');
insert into dictionary (id, datacode, dataname, datatype, datatypename, displayorder, parentcode) values (206, '24', '延边朝鲜族自治州', 'city', '行政区划代码', null, '22');
insert into dictionary (id, datacode, dataname, datatype, datatypename, displayorder, parentcode) values (207, '10', '扬州市', 'city', '行政区划代码', null, '32');
insert into dictionary (id, datacode, dataname, datatype, datatypename, displayorder, parentcode) values (208, '17', '阳江市', 'city', '行政区划代码', null, '44');
insert into dictionary (id, datacode, dataname, datatype, datatypename, displayorder, parentcode) values (209, '03', '阳泉市', 'city', '行政区划代码', null, '14');
insert into dictionary (id, datacode, dataname, datatype, datatypename, displayorder, parentcode) values (210, '07', '伊春市', 'city', '行政区划代码', null, '23');
insert into dictionary (id, datacode, dataname, datatype, datatypename, displayorder, parentcode) values (211, '40', '伊犁哈萨克自治州', 'city', '行政区划代码', null, '65');
insert into dictionary (id, datacode, dataname, datatype, datatypename, displayorder, parentcode) values (212, '15', '宜宾市', 'city', '行政区划代码', null, '51');
insert into dictionary (id, datacode, dataname, datatype, datatypename, displayorder, parentcode) values (213, '05', '宜昌市', 'city', '行政区划代码', null, '42');
insert into dictionary (id, datacode, dataname, datatype, datatypename, displayorder, parentcode) values (214, '09', '宜春市', 'city', '行政区划代码', null, '36');
insert into dictionary (id, datacode, dataname, datatype, datatypename, displayorder, parentcode) values (215, '09', '益阳市', 'city', '行政区划代码', null, '43');
insert into dictionary (id, datacode, dataname, datatype, datatypename, displayorder, parentcode) values (216, '01', '银川市', 'city', '行政区划代码', null, '64');
insert into dictionary (id, datacode, dataname, datatype, datatypename, displayorder, parentcode) values (217, '06', '鹰潭市', 'city', '行政区划代码', null, '36');
insert into dictionary (id, datacode, dataname, datatype, datatypename, displayorder, parentcode) values (218, '08', '营口市', 'city', '行政区划代码', null, '21');
insert into dictionary (id, datacode, dataname, datatype, datatypename, displayorder, parentcode) values (219, '11', '永州市', 'city', '行政区划代码', null, '43');
insert into dictionary (id, datacode, dataname, datatype, datatypename, displayorder, parentcode) values (220, '08', '榆林市', 'city', '行政区划代码', null, '61');
insert into dictionary (id, datacode, dataname, datatype, datatypename, displayorder, parentcode) values (221, '09', '玉林市', 'city', '行政区划代码', null, '45');
insert into dictionary (id, datacode, dataname, datatype, datatypename, displayorder, parentcode) values (222, '27', '玉树藏族自治州', 'city', '行政区划代码', null, '63');
insert into dictionary (id, datacode, dataname, datatype, datatypename, displayorder, parentcode) values (223, '04', '玉溪市', 'city', '行政区划代码', null, '53');
insert into dictionary (id, datacode, dataname, datatype, datatypename, displayorder, parentcode) values (224, '06', '岳阳市', 'city', '行政区划代码', null, '43');
insert into dictionary (id, datacode, dataname, datatype, datatypename, displayorder, parentcode) values (225, '53', '云浮市', 'city', '行政区划代码', null, '44');
insert into dictionary (id, datacode, dataname, datatype, datatypename, displayorder, parentcode) values (226, '08', '运城市', 'city', '行政区划代码', null, '14');
insert into dictionary (id, datacode, dataname, datatype, datatypename, displayorder, parentcode) values (227, '04', '枣庄市', 'city', '行政区划代码', null, '37');
insert into dictionary (id, datacode, dataname, datatype, datatypename, displayorder, parentcode) values (228, '08', '湛江市', 'city', '行政区划代码', null, '44');
insert into dictionary (id, datacode, dataname, datatype, datatypename, displayorder, parentcode) values (229, '06', '漳州市', 'city', '行政区划代码', null, '35');
insert into dictionary (id, datacode, dataname, datatype, datatypename, displayorder, parentcode) values (230, '08', '张家界市', 'city', '行政区划代码', null, '43');
insert into dictionary (id, datacode, dataname, datatype, datatypename, displayorder, parentcode) values (231, '07', '张家口市', 'city', '行政区划代码', null, '13');
insert into dictionary (id, datacode, dataname, datatype, datatypename, displayorder, parentcode) values (232, '07', '张掖市', 'city', '行政区划代码', null, '62');
insert into dictionary (id, datacode, dataname, datatype, datatypename, displayorder, parentcode) values (233, '06', '昭通市', 'city', '行政区划代码', null, '53');
insert into dictionary (id, datacode, dataname, datatype, datatypename, displayorder, parentcode) values (234, '12', '肇庆市', 'city', '行政区划代码', null, '44');
insert into dictionary (id, datacode, dataname, datatype, datatypename, displayorder, parentcode) values (235, '11', '镇江市', 'city', '行政区划代码', null, '32');
insert into dictionary (id, datacode, dataname, datatype, datatypename, displayorder, parentcode) values (236, '01', '郑州市', 'city', '行政区划代码', null, '41');
insert into dictionary (id, datacode, dataname, datatype, datatypename, displayorder, parentcode) values (237, '20', '中山市', 'city', '行政区划代码', null, '44');
insert into dictionary (id, datacode, dataname, datatype, datatypename, displayorder, parentcode) values (238, '05', '中卫市', 'city', '行政区划代码', null, '64');
insert into dictionary (id, datacode, dataname, datatype, datatypename, displayorder, parentcode) values (239, '09', '舟山市', 'city', '行政区划代码', null, '33');
insert into dictionary (id, datacode, dataname, datatype, datatypename, displayorder, parentcode) values (240, '16', '周口市', 'city', '行政区划代码', null, '41');
insert into dictionary (id, datacode, dataname, datatype, datatypename, displayorder, parentcode) values (241, '04', '珠海市', 'city', '行政区划代码', null, '44');
insert into dictionary (id, datacode, dataname, datatype, datatypename, displayorder, parentcode) values (242, '02', '株洲市', 'city', '行政区划代码', null, '43');
insert into dictionary (id, datacode, dataname, datatype, datatypename, displayorder, parentcode) values (243, '17', '驻马店市', 'city', '行政区划代码', null, '41');
insert into dictionary (id, datacode, dataname, datatype, datatypename, displayorder, parentcode) values (244, '20', '资阳市', 'city', '行政区划代码', null, '51');
insert into dictionary (id, datacode, dataname, datatype, datatypename, displayorder, parentcode) values (245, '03', '淄博市', 'city', '行政区划代码', null, '37');
insert into dictionary (id, datacode, dataname, datatype, datatypename, displayorder, parentcode) values (246, '03', '自贡市', 'city', '行政区划代码', null, '51');
insert into dictionary (id, datacode, dataname, datatype, datatypename, displayorder, parentcode) values (247, '90', '自治区直辖县级行政区划', 'city', '行政区划代码', null, '65');
insert into dictionary (id, datacode, dataname, datatype, datatypename, displayorder, parentcode) values (248, '03', '遵义市', 'city', '行政区划代码', null, '52');
insert into dictionary (id, datacode, dataname, datatype, datatypename, displayorder, parentcode) values (249, '16', '亳州市', 'city', '行政区划代码', null, '34');
insert into dictionary (id, datacode, dataname, datatype, datatypename, displayorder, parentcode) values (250, '08', '衢州市', 'city', '行政区划代码', null, '33');
insert into dictionary (id, datacode, dataname, datatype, datatypename, displayorder, parentcode) values (251, '05', '泸州市', 'city', '行政区划代码', null, '51');
insert into dictionary (id, datacode, dataname, datatype, datatypename, displayorder, parentcode) values (252, '11', '漯河市', 'city', '行政区划代码', null, '41');
insert into dictionary (id, datacode, dataname, datatype, datatypename, displayorder, parentcode) values (253, '09', '濮阳市', 'city', '行政区划代码', null, '41');
insert into dictionary (id, datacode, dataname, datatype, datatypename, displayorder, parentcode) values (254, '04', '白银市', 'city', '行政区划代码', null, '62');
insert into dictionary (id, datacode, dataname, datatype, datatypename, displayorder, parentcode) values (255, '29', '阿拉善盟', 'city', '行政区划代码', null, '15');
insert into dictionary (id, datacode, dataname, datatype, datatypename, displayorder, parentcode) values (256, '43', '阿勒泰地区', 'city', '行政区划代码', null, '65');
insert into dictionary (id, datacode, dataname, datatype, datatypename, displayorder, parentcode) values (257, '25', '阿里地区', 'city', '行政区划代码', null, '54');
insert into dictionary (id, datacode, dataname, datatype, datatypename, displayorder, parentcode) values (258, '03', '鞍山市', 'city', '行政区划代码', null, '21');
insert into dictionary (id, datacode, dataname, datatype, datatypename, displayorder, parentcode) values (259, '09', '安康市', 'city', '行政区划代码', null, '61');
insert into dictionary (id, datacode, dataname, datatype, datatypename, displayorder, parentcode) values (260, '08', '安庆市', 'city', '行政区划代码', null, '34');
insert into dictionary (id, datacode, dataname, datatype, datatypename, displayorder, parentcode) values (261, '04', '安顺市', 'city', '行政区划代码', null, '52');
insert into dictionary (id, datacode, dataname, datatype, datatypename, displayorder, parentcode) values (262, '05', '安阳市', 'city', '行政区划代码', null, '41');
insert into dictionary (id, datacode, dataname, datatype, datatypename, displayorder, parentcode) values (263, '08', '巴彦淖尔市', 'city', '行政区划代码', null, '15');
insert into dictionary (id, datacode, dataname, datatype, datatypename, displayorder, parentcode) values (264, '28', '巴音郭楞蒙古自治州', 'city', '行政区划代码', null, '65');
insert into dictionary (id, datacode, dataname, datatype, datatypename, displayorder, parentcode) values (265, '19', '巴中市', 'city', '行政区划代码', null, '51');
insert into dictionary (id, datacode, dataname, datatype, datatypename, displayorder, parentcode) values (266, '08', '白城市', 'city', '行政区划代码', null, '22');
insert into dictionary (id, datacode, dataname, datatype, datatypename, displayorder, parentcode) values (267, '06', '白山市', 'city', '行政区划代码', null, '22');
insert into dictionary (id, datacode, dataname, datatype, datatypename, displayorder, parentcode) values (268, '29', '阿克苏地区', 'city', '行政区划代码', null, '65');
insert into dictionary (id, datacode, dataname, datatype, datatypename, displayorder, parentcode) values (269, '29', '阿拉善盟', 'city', '行政区划代码', null, '15');
insert into dictionary (id, datacode, dataname, datatype, datatypename, displayorder, parentcode) values (270, '10', '百色市', 'city', '行政区划代码', null, '45');
insert into dictionary (id, datacode, dataname, datatype, datatypename, displayorder, parentcode) values (271, '03', '蚌埠市', 'city', '行政区划代码', null, '34');
insert into dictionary (id, datacode, dataname, datatype, datatypename, displayorder, parentcode) values (272, '02', '包头市', 'city', '行政区划代码', null, '15');
insert into dictionary (id, datacode, dataname, datatype, datatypename, displayorder, parentcode) values (273, '06', '保定市', 'city', '行政区划代码', null, '13');
insert into dictionary (id, datacode, dataname, datatype, datatypename, displayorder, parentcode) values (274, '05', '保山市', 'city', '行政区划代码', null, '53');
insert into dictionary (id, datacode, dataname, datatype, datatypename, displayorder, parentcode) values (275, '03', '宝鸡市', 'city', '行政区划代码', null, '61');
insert into dictionary (id, datacode, dataname, datatype, datatypename, displayorder, parentcode) values (276, '05', '北海市', 'city', '行政区划代码', null, '45');
insert into dictionary (id, datacode, dataname, datatype, datatypename, displayorder, parentcode) values (277, '05', '本溪市', 'city', '行政区划代码', null, '21');
insert into dictionary (id, datacode, dataname, datatype, datatypename, displayorder, parentcode) values (278, '05', '毕节市', 'city', '行政区划代码', null, '52');
insert into dictionary (id, datacode, dataname, datatype, datatypename, displayorder, parentcode) values (279, '16', '滨州市', 'city', '行政区划代码', null, '37');
insert into dictionary (id, datacode, dataname, datatype, datatypename, displayorder, parentcode) values (280, '27', '博尔塔拉蒙古自治州', 'city', '行政区划代码', null, '65');
insert into dictionary (id, datacode, dataname, datatype, datatypename, displayorder, parentcode) values (281, '09', '沧州市', 'city', '行政区划代码', null, '13');
insert into dictionary (id, datacode, dataname, datatype, datatypename, displayorder, parentcode) values (282, '21', '昌都地区', 'city', '行政区划代码', null, '54');
insert into dictionary (id, datacode, dataname, datatype, datatypename, displayorder, parentcode) values (283, '23', '昌吉回族自治州', 'city', '行政区划代码', null, '65');
insert into dictionary (id, datacode, dataname, datatype, datatypename, displayorder, parentcode) values (284, '07', '常德市', 'city', '行政区划代码', null, '43');
insert into dictionary (id, datacode, dataname, datatype, datatypename, displayorder, parentcode) values (285, '04', '常州市', 'city', '行政区划代码', null, '32');
insert into dictionary (id, datacode, dataname, datatype, datatypename, displayorder, parentcode) values (286, '01', '长春市', 'city', '行政区划代码', null, '22');
insert into dictionary (id, datacode, dataname, datatype, datatypename, displayorder, parentcode) values (287, '32', '阿坝藏族羌族自治州', 'city', '行政区划代码', null, '51');
insert into dictionary (id, datacode, dataname, datatype, datatypename, displayorder, parentcode) values (288, '29', '阿克苏地区', 'city', '行政区划代码', null, '65');
insert into dictionary (id, datacode, dataname, datatype, datatypename, displayorder, parentcode) values (289, '01', '长沙市', 'city', '行政区划代码', null, '43');
insert into dictionary (id, datacode, dataname, datatype, datatypename, displayorder, parentcode) values (290, '04', '长治市', 'city', '行政区划代码', null, '14');
insert into dictionary (id, datacode, dataname, datatype, datatypename, displayorder, parentcode) values (291, '13', '朝阳市', 'city', '行政区划代码', null, '21');
insert into dictionary (id, datacode, dataname, datatype, datatypename, displayorder, parentcode) values (292, '51', '潮州市', 'city', '行政区划代码', null, '44');
insert into dictionary (id, datacode, dataname, datatype, datatypename, displayorder, parentcode) values (293, '10', '郴州市', 'city', '行政区划代码', null, '43');
insert into dictionary (id, datacode, dataname, datatype, datatypename, displayorder, parentcode) values (294, '01', '成都市', 'city', '行政区划代码', null, '51');
insert into dictionary (id, datacode, dataname, datatype, datatypename, displayorder, parentcode) values (295, '08', '承德市', 'city', '行政区划代码', null, '13');
insert into dictionary (id, datacode, dataname, datatype, datatypename, displayorder, parentcode) values (296, '17', '池州市', 'city', '行政区划代码', null, '34');
insert into dictionary (id, datacode, dataname, datatype, datatypename, displayorder, parentcode) values (297, '04', '赤峰市', 'city', '行政区划代码', null, '15');
insert into dictionary (id, datacode, dataname, datatype, datatypename, displayorder, parentcode) values (298, '14', '崇左市', 'city', '行政区划代码', null, '45');
insert into dictionary (id, datacode, dataname, datatype, datatypename, displayorder, parentcode) values (299, '11', '滁州市', 'city', '行政区划代码', null, '34');
insert into dictionary (id, datacode, dataname, datatype, datatypename, displayorder, parentcode) values (300, '23', '楚雄彝族自治州', 'city', '行政区划代码', null, '53');
insert into dictionary (id, datacode, dataname, datatype, datatypename, displayorder, parentcode) values (301, '17', '达州市', 'city', '行政区划代码', null, '51');
insert into dictionary (id, datacode, dataname, datatype, datatypename, displayorder, parentcode) values (302, '29', '大理白族自治州', 'city', '行政区划代码', null, '53');
insert into dictionary (id, datacode, dataname, datatype, datatypename, displayorder, parentcode) values (303, '02', '大连市', 'city', '行政区划代码', null, '21');
insert into dictionary (id, datacode, dataname, datatype, datatypename, displayorder, parentcode) values (304, '06', '大庆市', 'city', '行政区划代码', null, '23');
insert into dictionary (id, datacode, dataname, datatype, datatypename, displayorder, parentcode) values (305, '02', '大同市', 'city', '行政区划代码', null, '14');
insert into dictionary (id, datacode, dataname, datatype, datatypename, displayorder, parentcode) values (306, '27', '大兴安岭地区', 'city', '行政区划代码', null, '23');
insert into dictionary (id, datacode, dataname, datatype, datatypename, displayorder, parentcode) values (307, '06', '丹东市', 'city', '行政区划代码', null, '21');
insert into dictionary (id, datacode, dataname, datatype, datatypename, displayorder, parentcode) values (308, '31', '德宏傣族景颇族自治州', 'city', '行政区划代码', null, '53');
insert into dictionary (id, datacode, dataname, datatype, datatypename, displayorder, parentcode) values (309, '06', '德阳市', 'city', '行政区划代码', null, '51');
insert into dictionary (id, datacode, dataname, datatype, datatypename, displayorder, parentcode) values (310, '14', '德州市', 'city', '行政区划代码', null, '37');
insert into dictionary (id, datacode, dataname, datatype, datatypename, displayorder, parentcode) values (311, '34', '迪庆藏族自治州', 'city', '行政区划代码', null, '53');
insert into dictionary (id, datacode, dataname, datatype, datatypename, displayorder, parentcode) values (312, '11', '定西市', 'city', '行政区划代码', null, '62');
insert into dictionary (id, datacode, dataname, datatype, datatypename, displayorder, parentcode) values (313, '05', '东营市', 'city', '行政区划代码', null, '37');
insert into dictionary (id, datacode, dataname, datatype, datatypename, displayorder, parentcode) values (314, '19', '东莞市', 'city', '行政区划代码', null, '44');
insert into dictionary (id, datacode, dataname, datatype, datatypename, displayorder, parentcode) values (315, '06', '鄂尔多斯市', 'city', '行政区划代码', null, '15');
insert into dictionary (id, datacode, dataname, datatype, datatypename, displayorder, parentcode) values (316, '07', '鄂州市', 'city', '行政区划代码', null, '42');
insert into dictionary (id, datacode, dataname, datatype, datatypename, displayorder, parentcode) values (317, '28', '恩施土家族苗族自治州', 'city', '行政区划代码', null, '42');
insert into dictionary (id, datacode, dataname, datatype, datatypename, displayorder, parentcode) values (318, '06', '防城港市', 'city', '行政区划代码', null, '45');
insert into dictionary (id, datacode, dataname, datatype, datatypename, displayorder, parentcode) values (319, '06', '佛山市', 'city', '行政区划代码', null, '44');
insert into dictionary (id, datacode, dataname, datatype, datatypename, displayorder, parentcode) values (320, '01', '福州市', 'city', '行政区划代码', null, '35');
insert into dictionary (id, datacode, dataname, datatype, datatypename, displayorder, parentcode) values (321, '04', '抚顺市', 'city', '行政区划代码', null, '21');
insert into dictionary (id, datacode, dataname, datatype, datatypename, displayorder, parentcode) values (322, '10', '抚州市', 'city', '行政区划代码', null, '36');
insert into dictionary (id, datacode, dataname, datatype, datatypename, displayorder, parentcode) values (323, '09', '阜新市', 'city', '行政区划代码', null, '21');
insert into dictionary (id, datacode, dataname, datatype, datatypename, displayorder, parentcode) values (324, '12', '阜阳市', 'city', '行政区划代码', null, '34');
insert into dictionary (id, datacode, dataname, datatype, datatypename, displayorder, parentcode) values (325, '30', '甘南藏族自治州', 'city', '行政区划代码', null, '62');
insert into dictionary (id, datacode, dataname, datatype, datatypename, displayorder, parentcode) values (326, '33', '甘孜藏族自治州', 'city', '行政区划代码', null, '51');
insert into dictionary (id, datacode, dataname, datatype, datatypename, displayorder, parentcode) values (327, '07', '赣州市', 'city', '行政区划代码', null, '36');
insert into dictionary (id, datacode, dataname, datatype, datatypename, displayorder, parentcode) values (328, '04', '固原市', 'city', '行政区划代码', null, '64');
insert into dictionary (id, datacode, dataname, datatype, datatypename, displayorder, parentcode) values (329, '16', '广安市', 'city', '行政区划代码', null, '51');
insert into dictionary (id, datacode, dataname, datatype, datatypename, displayorder, parentcode) values (330, '08', '广元市', 'city', '行政区划代码', null, '51');
insert into dictionary (id, datacode, dataname, datatype, datatypename, displayorder, parentcode) values (331, '01', '广州市', 'city', '行政区划代码', null, '44');
insert into dictionary (id, datacode, dataname, datatype, datatypename, displayorder, parentcode) values (332, '03', '桂林市', 'city', '行政区划代码', null, '45');
insert into dictionary (id, datacode, dataname, datatype, datatypename, displayorder, parentcode) values (333, '08', '贵港市', 'city', '行政区划代码', null, '45');
insert into dictionary (id, datacode, dataname, datatype, datatypename, displayorder, parentcode) values (334, '01', '贵阳市', 'city', '行政区划代码', null, '52');
insert into dictionary (id, datacode, dataname, datatype, datatypename, displayorder, parentcode) values (335, '26', '果洛藏族自治州', 'city', '行政区划代码', null, '63');
insert into dictionary (id, datacode, dataname, datatype, datatypename, displayorder, parentcode) values (336, '01', '哈尔滨市', 'city', '行政区划代码', null, '23');
insert into dictionary (id, datacode, dataname, datatype, datatypename, displayorder, parentcode) values (337, '22', '哈密地区', 'city', '行政区划代码', null, '65');
insert into dictionary (id, datacode, dataname, datatype, datatypename, displayorder, parentcode) values (338, '22', '海北藏族自治州', 'city', '行政区划代码', null, '63');
insert into dictionary (id, datacode, dataname, datatype, datatypename, displayorder, parentcode) values (339, '02', '海东市', 'city', '行政区划代码', null, '63');
insert into dictionary (id, datacode, dataname, datatype, datatypename, displayorder, parentcode) values (340, '01', '海口市', 'city', '行政区划代码', null, '46');
insert into dictionary (id, datacode, dataname, datatype, datatypename, displayorder, parentcode) values (341, '25', '海南藏族自治州', 'city', '行政区划代码', null, '63');
insert into dictionary (id, datacode, dataname, datatype, datatypename, displayorder, parentcode) values (342, '28', '海西蒙古族藏族自治州', 'city', '行政区划代码', null, '63');
insert into dictionary (id, datacode, dataname, datatype, datatypename, displayorder, parentcode) values (343, '04', '邯郸市', 'city', '行政区划代码', null, '13');
insert into dictionary (id, datacode, dataname, datatype, datatypename, displayorder, parentcode) values (344, '07', '汉中市', 'city', '行政区划代码', null, '61');
insert into dictionary (id, datacode, dataname, datatype, datatypename, displayorder, parentcode) values (345, '01', '杭州市', 'city', '行政区划代码', null, '33');
insert into dictionary (id, datacode, dataname, datatype, datatypename, displayorder, parentcode) values (346, '17', '菏泽市', 'city', '行政区划代码', null, '37');
insert into dictionary (id, datacode, dataname, datatype, datatypename, displayorder, parentcode) values (347, '32', '和田地区', 'city', '行政区划代码', null, '65');
insert into dictionary (id, datacode, dataname, datatype, datatypename, displayorder, parentcode) values (348, '01', '合肥市', 'city', '行政区划代码', null, '34');
insert into dictionary (id, datacode, dataname, datatype, datatypename, displayorder, parentcode) values (349, '12', '河池市', 'city', '行政区划代码', null, '45');
insert into dictionary (id, datacode, dataname, datatype, datatypename, displayorder, parentcode) values (350, '16', '河源市', 'city', '行政区划代码', null, '44');
insert into dictionary (id, datacode, dataname, datatype, datatypename, displayorder, parentcode) values (351, '06', '鹤壁市', 'city', '行政区划代码', null, '41');
insert into dictionary (id, datacode, dataname, datatype, datatypename, displayorder, parentcode) values (352, '04', '鹤岗市', 'city', '行政区划代码', null, '23');
insert into dictionary (id, datacode, dataname, datatype, datatypename, displayorder, parentcode) values (353, '11', '贺州市', 'city', '行政区划代码', null, '45');
insert into dictionary (id, datacode, dataname, datatype, datatypename, displayorder, parentcode) values (354, '11', '黑河市', 'city', '行政区划代码', null, '23');
insert into dictionary (id, datacode, dataname, datatype, datatypename, displayorder, parentcode) values (355, '11', '衡水市', 'city', '行政区划代码', null, '13');
insert into dictionary (id, datacode, dataname, datatype, datatypename, displayorder, parentcode) values (356, '04', '衡阳市', 'city', '行政区划代码', null, '43');
insert into dictionary (id, datacode, dataname, datatype, datatypename, displayorder, parentcode) values (357, '25', '红河哈尼族彝族自治州', 'city', '行政区划代码', null, '53');
insert into dictionary (id, datacode, dataname, datatype, datatypename, displayorder, parentcode) values (358, '01', '呼和浩特市', 'city', '行政区划代码', null, '15');
insert into dictionary (id, datacode, dataname, datatype, datatypename, displayorder, parentcode) values (359, '07', '呼伦贝尔市', 'city', '行政区划代码', null, '15');
insert into dictionary (id, datacode, dataname, datatype, datatypename, displayorder, parentcode) values (360, '14', '葫芦岛市', 'city', '行政区划代码', null, '21');
insert into dictionary (id, datacode, dataname, datatype, datatypename, displayorder, parentcode) values (361, '05', '湖州市', 'city', '行政区划代码', null, '33');
insert into dictionary (id, datacode, dataname, datatype, datatypename, displayorder, parentcode) values (362, '12', '怀化市', 'city', '行政区划代码', null, '43');
insert into dictionary (id, datacode, dataname, datatype, datatypename, displayorder, parentcode) values (363, '08', '淮安市', 'city', '行政区划代码', null, '32');
insert into dictionary (id, datacode, dataname, datatype, datatypename, displayorder, parentcode) values (364, '06', '淮北市', 'city', '行政区划代码', null, '34');
insert into dictionary (id, datacode, dataname, datatype, datatypename, displayorder, parentcode) values (365, '04', '淮南市', 'city', '行政区划代码', null, '34');
insert into dictionary (id, datacode, dataname, datatype, datatypename, displayorder, parentcode) values (366, '11', '黄冈市', 'city', '行政区划代码', null, '42');
insert into dictionary (id, datacode, dataname, datatype, datatypename, displayorder, parentcode) values (367, '23', '黄南藏族自治州', 'city', '行政区划代码', null, '63');
insert into dictionary (id, datacode, dataname, datatype, datatypename, displayorder, parentcode) values (368, '10', '黄山市', 'city', '行政区划代码', null, '34');
insert into dictionary (id, datacode, dataname, datatype, datatypename, displayorder, parentcode) values (369, '02', '黄石市', 'city', '行政区划代码', null, '42');
insert into dictionary (id, datacode, dataname, datatype, datatypename, displayorder, parentcode) values (370, '13', '惠州市', 'city', '行政区划代码', null, '44');
insert into dictionary (id, datacode, dataname, datatype, datatypename, displayorder, parentcode) values (371, '03', '鸡西市', 'city', '行政区划代码', null, '23');
insert into dictionary (id, datacode, dataname, datatype, datatypename, displayorder, parentcode) values (372, '08', '吉安市', 'city', '行政区划代码', null, '36');
insert into dictionary (id, datacode, dataname, datatype, datatypename, displayorder, parentcode) values (373, '02', '吉林市', 'city', '行政区划代码', null, '22');
insert into dictionary (id, datacode, dataname, datatype, datatypename, displayorder, parentcode) values (374, '01', '济南市', 'city', '行政区划代码', null, '37');
insert into dictionary (id, datacode, dataname, datatype, datatypename, displayorder, parentcode) values (375, '08', '济宁市', 'city', '行政区划代码', null, '37');
insert into dictionary (id, datacode, dataname, datatype, datatypename, displayorder, parentcode) values (376, '04', '嘉兴市', 'city', '行政区划代码', null, '33');
insert into dictionary (id, datacode, dataname, datatype, datatypename, displayorder, parentcode) values (377, '02', '嘉峪关市', 'city', '行政区划代码', null, '62');
insert into dictionary (id, datacode, dataname, datatype, datatypename, displayorder, parentcode) values (378, '08', '佳木斯市', 'city', '行政区划代码', null, '23');
insert into dictionary (id, datacode, dataname, datatype, datatypename, displayorder, parentcode) values (379, '07', '江门市', 'city', '行政区划代码', null, '44');
insert into dictionary (id, datacode, dataname, datatype, datatypename, displayorder, parentcode) values (380, '08', '焦作市', 'city', '行政区划代码', null, '41');
insert into dictionary (id, datacode, dataname, datatype, datatypename, displayorder, parentcode) values (381, '52', '揭阳市', 'city', '行政区划代码', null, '44');
insert into dictionary (id, datacode, dataname, datatype, datatypename, displayorder, parentcode) values (382, '03', '金昌市', 'city', '行政区划代码', null, '62');
insert into dictionary (id, datacode, dataname, datatype, datatypename, displayorder, parentcode) values (383, '07', '金华市', 'city', '行政区划代码', null, '33');
insert into dictionary (id, datacode, dataname, datatype, datatypename, displayorder, parentcode) values (384, '07', '锦州市', 'city', '行政区划代码', null, '21');
insert into dictionary (id, datacode, dataname, datatype, datatypename, displayorder, parentcode) values (385, '05', '晋城市', 'city', '行政区划代码', null, '14');
insert into dictionary (id, datacode, dataname, datatype, datatypename, displayorder, parentcode) values (386, '07', '晋中市', 'city', '行政区划代码', null, '14');
insert into dictionary (id, datacode, dataname, datatype, datatypename, displayorder, parentcode) values (387, '08', '荆门市', 'city', '行政区划代码', null, '42');
insert into dictionary (id, datacode, dataname, datatype, datatypename, displayorder, parentcode) values (388, '10', '荆州市', 'city', '行政区划代码', null, '42');
insert into dictionary (id, datacode, dataname, datatype, datatypename, displayorder, parentcode) values (389, '02', '景德镇市', 'city', '行政区划代码', null, '36');
insert into dictionary (id, datacode, dataname, datatype, datatypename, displayorder, parentcode) values (390, '04', '九江市', 'city', '行政区划代码', null, '36');
insert into dictionary (id, datacode, dataname, datatype, datatypename, displayorder, parentcode) values (391, '09', '酒泉市', 'city', '行政区划代码', null, '62');
insert into dictionary (id, datacode, dataname, datatype, datatypename, displayorder, parentcode) values (392, '31', '喀什地区', 'city', '行政区划代码', null, '65');
insert into dictionary (id, datacode, dataname, datatype, datatypename, displayorder, parentcode) values (393, '02', '开封市', 'city', '行政区划代码', null, '41');
insert into dictionary (id, datacode, dataname, datatype, datatypename, displayorder, parentcode) values (394, '02', '克拉玛依市', 'city', '行政区划代码', null, '65');
insert into dictionary (id, datacode, dataname, datatype, datatypename, displayorder, parentcode) values (395, '30', '克孜勒苏柯尔克孜自治州', 'city', '行政区划代码', null, '65');
insert into dictionary (id, datacode, dataname, datatype, datatypename, displayorder, parentcode) values (396, '01', '昆明市', 'city', '行政区划代码', null, '53');
insert into dictionary (id, datacode, dataname, datatype, datatypename, displayorder, parentcode) values (397, '01', '拉萨市', 'city', '行政区划代码', null, '54');
insert into dictionary (id, datacode, dataname, datatype, datatypename, displayorder, parentcode) values (398, '12', '莱芜市', 'city', '行政区划代码', null, '37');
insert into dictionary (id, datacode, dataname, datatype, datatypename, displayorder, parentcode) values (399, '13', '来宾市', 'city', '行政区划代码', null, '45');
insert into dictionary (id, datacode, dataname, datatype, datatypename, displayorder, parentcode) values (400, '01', '兰州市', 'city', '行政区划代码', null, '62');
insert into dictionary (id, datacode, dataname, datatype, datatypename, displayorder, parentcode) values (401, '10', '廊坊市', 'city', '行政区划代码', null, '13');
insert into dictionary (id, datacode, dataname, datatype, datatypename, displayorder, parentcode) values (402, '11', '乐山市', 'city', '行政区划代码', null, '51');
insert into dictionary (id, datacode, dataname, datatype, datatypename, displayorder, parentcode) values (403, '07', '丽江市', 'city', '行政区划代码', null, '53');
insert into dictionary (id, datacode, dataname, datatype, datatypename, displayorder, parentcode) values (404, '11', '丽水市', 'city', '行政区划代码', null, '33');
insert into dictionary (id, datacode, dataname, datatype, datatypename, displayorder, parentcode) values (405, '07', '连云港市', 'city', '行政区划代码', null, '32');
insert into dictionary (id, datacode, dataname, datatype, datatypename, displayorder, parentcode) values (406, '34', '凉山彝族自治州', 'city', '行政区划代码', null, '51');
insert into dictionary (id, datacode, dataname, datatype, datatypename, displayorder, parentcode) values (407, '15', '聊城市', 'city', '行政区划代码', null, '37');
insert into dictionary (id, datacode, dataname, datatype, datatypename, displayorder, parentcode) values (408, '10', '辽阳市', 'city', '行政区划代码', null, '21');
insert into dictionary (id, datacode, dataname, datatype, datatypename, displayorder, parentcode) values (409, '04', '辽源市', 'city', '行政区划代码', null, '22');
insert into dictionary (id, datacode, dataname, datatype, datatypename, displayorder, parentcode) values (410, '26', '林芝地区', 'city', '行政区划代码', null, '54');
insert into dictionary (id, datacode, dataname, datatype, datatypename, displayorder, parentcode) values (411, '09', '临沧市', 'city', '行政区划代码', null, '53');
insert into dictionary (id, datacode, dataname, datatype, datatypename, displayorder, parentcode) values (413, '2', '审核中', 'flowtype', '流程类型', null, null);
insert into dictionary (id, datacode, dataname, datatype, datatypename, displayorder, parentcode) values (414, '3', '通过', 'flowtype', '流程类型', null, null);
insert into dictionary (id, datacode, dataname, datatype, datatypename, displayorder, parentcode) values (415, '4', '未通过', 'flowtype', '流程类型', null, null);
insert into dictionary (id, datacode, dataname, datatype, datatypename, displayorder, parentcode) values (416, '1', '事假', 'holidaytype', '假期类型', null, null);
insert into dictionary (id, datacode, dataname, datatype, datatypename, displayorder, parentcode) values (417, '2', '病假', 'holidaytype', '假期类型', null, null);
insert into dictionary (id, datacode, dataname, datatype, datatypename, displayorder, parentcode) values (418, '3', '年假', 'holidaytype', '假期类型', null, null);
insert into dictionary (id, datacode, dataname, datatype, datatypename, displayorder, parentcode) values (421, '3', '代表会议', 'meetingtype', '会议类型', null, null);
insert into dictionary (id, datacode, dataname, datatype, datatypename, displayorder, parentcode) values (422, '4', '专题讨论会', 'meetingtype', '会议类型', null, null);
insert into dictionary (id, datacode, dataname, datatype, datatypename, displayorder, parentcode) values (423, '5', '政治会议', 'meetingtype', '会议类型', null, null);
insert into dictionary (id, datacode, dataname, datatype, datatypename, displayorder, parentcode) values (424, '6', '讲座', 'meetingtype', '会议类型', null, null);
insert into dictionary (id, datacode, dataname, datatype, datatypename, displayorder, parentcode) values (425, '7', '培训会议', 'meetingtype', '会议类型', null, null);
insert into dictionary (id, datacode, dataname, datatype, datatypename, displayorder, parentcode) values (426, '8', '党团活动', 'meetingtype', '会议类型', null, null);
insert into file_storage (id, created_date, file_name, file_size, last_modified_date, no, suffix_name) values (1, '2017-11-05 16:08:36', 'exit.png', 629, '2017-11-05 16:08:36', '97142be7-4a1c-432e-b134-934acec04ad0', '.png');
insert into file_storage (id, created_date, file_name, file_size, last_modified_date, no, suffix_name) values (2, '2017-11-05 16:23:34', '新建文本文档.txt', 0, '2017-11-05 16:23:34', 'bdf22504-f1f4-4cfd-9ba2-c67c36648464', '.txt');
insert into file_storage (id, created_date, file_name, file_size, last_modified_date, no, suffix_name) values (3, '2017-11-05 16:29:59', 'company_data.sql', 87685, '2017-11-05 16:29:59', '1cce3307-79d2-4cfe-ac0c-cfd151f13268', '.sql');
insert into file_storage (id, created_date, file_name, file_size, last_modified_date, no, suffix_name) values (4, '2017-11-05 16:32:14', 'home.png', 1984, '2017-11-05 16:32:14', '47186151-bfe8-44d7-91a4-6f5c0520cd2b', '.png');
insert into file_storage (id, created_date, file_name, file_size, last_modified_date, no, suffix_name) values (5, '2017-11-05 16:33:12', 'lock11.png', 1932, '2017-11-05 16:33:12', '6be1d614-caea-4c4e-aedc-8caf5d1a40b3', '.png');
insert into file_storage (id, created_date, file_name, file_size, last_modified_date, no, suffix_name) values (6, '2017-11-05 16:35:48', 'input_bg.png', 58919, '2017-11-05 16:35:48', 'c62f915f-ce16-4fd6-ab34-82477302659a', '.png');
insert into file_storage (id, created_date, file_name, file_size, last_modified_date, no, suffix_name) values (7, '2017-11-05 16:48:54', 'lock.png', 577, '2017-11-05 16:48:54', '7f8f93f2-a1b1-4855-bffc-fe4c33c81602', '.png');
insert into file_storage (id, created_date, file_name, file_size, last_modified_date, no, suffix_name) values (8, '2017-11-05 16:49:47', 'lock.png', 577, '2017-11-05 16:49:47', 'ef7771fe-1c44-4651-b691-d9a7e14988f6', '.png');
insert into file_storage (id, created_date, file_name, file_size, last_modified_date, no, suffix_name) values (9, '2017-11-05 16:58:05', 'lock11.png', 1932, '2017-11-05 16:58:05', 'cd2a3f57-54e1-489a-884c-04e936e78ed0', '.png');
insert into file_storage (id, created_date, file_name, file_size, last_modified_date, no, suffix_name) values (10, '2017-11-05 17:00:21', 'lock11.png', 1932, '2017-11-05 17:00:21', '881501db-c337-481d-b244-fe84fa9e4088', '.png');
insert into file_storage (id, created_date, file_name, file_size, last_modified_date, no, suffix_name) values (11, '2017-11-05 17:07:56', 'input_bg.png', 58919, '2017-11-05 17:07:56', '87e5c3ea-96fa-46c8-a17b-e4e61defe3ef', '.png');
insert into file_storage (id, created_date, file_name, file_size, last_modified_date, no, suffix_name) values (12, '2017-11-05 17:10:30', 'd2212bfb3a20c170493da4716e8769bd.jpg', 353251, '2017-11-05 17:10:30', 'abf20751-e672-4bd7-8bd3-94f46a5560e8', '.jpg');
insert into file_storage (id, created_date, file_name, file_size, last_modified_date, no, suffix_name) values (13, '2017-11-05 17:37:30', '新建文本文档 (2).txt', 22, '2017-11-05 17:37:30', '5b349a43-9fdc-44e7-9d08-78d94e8c132a', '.txt');
insert into file_storage (id, created_date, file_name, file_size, last_modified_date, no, suffix_name) values (14, '2017-11-05 17:39:06', 'lock.png', 577, '2017-11-05 17:39:06', '4ec7be37-3c0b-4072-8057-038237d75f3a', '.png');
insert into file_storage (id, created_date, file_name, file_size, last_modified_date, no, suffix_name) values (15, '2017-11-05 17:41:54', 'input_bg.png', 58919, '2017-11-05 17:41:54', '32793e20-0443-41e9-a52c-49df8f390c5c', '.png');
insert into file_storage (id, created_date, file_name, file_size, last_modified_date, no, suffix_name) values (16, '2017-11-05 17:45:32', 'lock.png', 577, '2017-11-05 17:45:32', '8a6579bb-cc3a-45b7-b71d-8362d9ef29cb', '.png');
insert into file_storage (id, created_date, file_name, file_size, last_modified_date, no, suffix_name) values (17, '2017-11-05 17:48:09', 'home.png', 1984, '2017-11-05 17:48:09', '9e6a6df4-dfd0-47fc-8b3f-315205dc431a', '.png');
insert into file_storage (id, created_date, file_name, file_size, last_modified_date, no, suffix_name) values (18, '2017-11-05 17:57:40', 'lock.png', 577, '2017-11-05 17:57:40', '76077bc4-ad08-4524-bb35-6a3685be16e1', '.png');
insert into file_storage (id, created_date, file_name, file_size, last_modified_date, no, suffix_name) values (19, '2017-11-05 18:00:23', 'lock11.png', 1932, '2017-11-05 18:00:23', '2fbdf1cd-ec08-4723-9084-26980619ed4a', '.png');
insert into file_storage (id, created_date, file_name, file_size, last_modified_date, no, suffix_name) values (20, '2017-11-05 18:01:11', 'lock.png', 577, '2017-11-05 18:01:11', 'dbf112e3-3903-478c-87d5-7489ab094769', '.png');
insert into file_storage (id, created_date, file_name, file_size, last_modified_date, no, suffix_name) values (21, '2017-11-05 18:02:59', 'home - 副本.png', 20375, '2017-11-05 18:02:59', '4a8e3fdf-113f-487b-b297-ec500377a963', '.png');
insert into file_storage (id, created_date, file_name, file_size, last_modified_date, no, suffix_name) values (22, '2017-11-05 18:05:07', '新建 Microsoft Excel 工作表.xlsx', 8421, '2017-11-05 18:05:07', '3ac35963-4539-4c8d-9acd-d3896666c94b', '.xlsx');
insert into file_storage (id, created_date, file_name, file_size, last_modified_date, no, suffix_name) values (23, '2017-11-05 18:09:45', 'home - 副本.png', 20375, '2017-11-05 18:09:45', '144f9b60-6db9-41ad-8e94-855fca645ac4', '.png');
insert into file_storage (id, created_date, file_name, file_size, last_modified_date, no, suffix_name) values (24, '2017-11-05 18:24:56', 'welcomeold.png', 244241, '2017-11-05 18:24:56', '3435b211-b4c4-4031-8ba9-ef7017d289c1', '.png');
insert into file_storage (id, created_date, file_name, file_size, last_modified_date, no, suffix_name) values (25, '2017-11-05 18:45:21', '2团部门例会.xlsx', 8421, '2017-11-05 18:45:21', '34c4cd8d-e7b1-40fd-ae4a-5cbd3d315c91', '.xlsx');
insert into file_storage (id, created_date, file_name, file_size, last_modified_date, no, suffix_name) values (26, '2017-11-05 18:46:19', '1团部门例会.xlsx', 8421, '2017-11-05 18:46:19', 'e7a24a24-7e0e-4831-9396-38a72691cdb9', '.xlsx');
insert into file_storage (id, created_date, file_name, file_size, last_modified_date, no, suffix_name) values (27, '2017-11-07 17:41:25', 'welcomeold.png', 244241, '2017-11-07 17:41:25', '721dff8d-cd94-4b98-8d1e-d74806ea1dc2', '.png');
insert into file_storage (id, created_date, file_name, file_size, last_modified_date, no, suffix_name) values (28, '2017-11-07 22:20:15', 'input_bg.png', 58919, '2017-11-07 22:20:15', '4db25f44-aed5-42ef-8479-4582f98fb80f', '.png');
insert into holiday (id, cause, endtime, starttime, timelength, flowtype, holidaytype, flowtypename, holidaytypename, instcode, instname, usercode, username) values (5, '11', '2017-11-04 17:41:01', '2017-11-03 17:40:52', 11.0, '3', '1', '通过', '事假', '0', '管理中心', 'admin', 'admin');
insert into holiday (id, cause, endtime, starttime, timelength, flowtype, holidaytype, flowtypename, holidaytypename, instcode, instname, usercode, username) values (6, '1', '2017-11-04 17:48:02', '2017-11-29 17:47:59', 1.0, '3', '1', '通过', '事假', '23011002', '2团', 'user2', 'user2');
insert into holiday (id, cause, endtime, starttime, timelength, flowtype, holidaytype, flowtypename, holidaytypename, instcode, instname, usercode, username) values (7, '111', '2017-11-23 18:23:42', '2017-11-15 18:23:33', 111.0, '4', '1', '未通过', '事假', '23011002', '2团', 'admin2', 'admin2');
insert into inst_info (instcode, address, city, instflag, instname, opdate, oprcode, province, telno, pinstinfo_instcode, cityname, instclass, instclassname, instflagname, provincename, contactname, contacttelno, instsname) values ('0', '利民开发区', '05', '1', '管理中心', null, 'admin', '34', '0451-88888888', null, '齐齐哈尔市', '0', '系统内部', '正常', '黑龙江省', '人才', '16666666666', '中心');
insert into inst_info (instcode, address, city, instflag, instname, opdate, oprcode, province, telno, pinstinfo_instcode, cityname, instclass, instclassname, instflagname, provincename, contactname, contacttelno, instsname) values ('23011001', '香坊区', '01', '1', '1团', null, 'admin', '23', '0451-88888888', '0', '哈尔滨市', '1', '机关内部', '正常', '黑龙江省', '张三', '13888888888', '1t');
insert into inst_info (instcode, address, city, instflag, instname, opdate, oprcode, province, telno, pinstinfo_instcode, cityname, instclass, instclassname, instflagname, provincename, contactname, contacttelno, instsname) values ('23011002', '利民开发区', '01', '1', '2团', null, 'admin', '23', '0451-66666666', '0', '哈尔滨市', '1', '机关内部', '正常', '黑龙江省', '李四', '13666666666', '2t');
insert into inst_info (instcode, address, city, instflag, instname, opdate, oprcode, province, telno, pinstinfo_instcode, cityname, instclass, instclassname, instflagname, provincename, contactname, contacttelno, instsname) values ('23011003', '群力开发区', '01', '1', '3团', null, 'admin', '23', '0451-00000000', '0', '哈尔滨市', '1', '机关内部', '正常', '黑龙江省', '王五', '13000000000', '3t');
insert into inst_info (instcode, address, city, instflag, instname, opdate, oprcode, province, telno, pinstinfo_instcode, cityname, instclass, instclassname, instflagname, provincename, contactname, contacttelno, instsname) values ('23011004', '111', '01', '1', '1营', null, 'admin', '23', '111', '23011001', '哈尔滨市', '1', '机关内部', '正常', '黑龙江省', '1一营', '111', '1y');
insert into meeting (id, endtime, flowtype, flowtypename, instcode, instname, meetingtype, meetingtypename, starttime, subject, summary, timelength, usercode, username, fileid, filename, meetingroom) values (5, '2017-11-05 22:46:49', '2', '审核中', '0', '管理中心', '6', '讲座', '2017-11-05 16:46:46', '1234567890', '12345', 5.0, 'admin', 'admin', '13', '新建文本文档 (2).txt', '大会议室');
insert into meeting (id, endtime, flowtype, flowtypename, instcode, instname, meetingtype, meetingtypename, starttime, subject, summary, timelength, usercode, username, fileid, filename, meetingroom) values (6, '2017-11-14 17:38:50', '2', '审核中', '0', '管理中心', '5', '政治会议', '2017-11-09 17:38:47', '主题1', '1', 1.0, 'admin', 'admin', '22', '新建 Microsoft Excel 工作表.xlsx', null);
insert into meeting (id, endtime, flowtype, flowtypename, instcode, instname, meetingtype, meetingtypename, starttime, subject, summary, timelength, usercode, username, fileid, filename, meetingroom) values (7, '2017-11-05 17:47:52', '2', '审核中', '0', '管理中心', '5', '政治会议', '2017-11-05 17:47:49', '主题2', '111', 1.0, 'admin', 'admin', '24', 'welcomeold.png', null);
insert into meeting (id, endtime, flowtype, flowtypename, instcode, instname, meetingtype, meetingtypename, starttime, subject, summary, timelength, usercode, username, fileid, filename, meetingroom) values (8, '2017-11-21 18:25:10', '2', '审核中', '0', '管理中心', '5', '政治会议', '2017-11-05 18:25:05', '主题3', '1', 1.0, 'admin', 'admin', '27', 'welcomeold.png', '');
insert into meeting (id, endtime, flowtype, flowtypename, instcode, instname, meetingtype, meetingtypename, starttime, subject, summary, timelength, usercode, username, fileid, filename, meetingroom) values (9, '2017-11-05 18:43:52', '2', '审核中', '23011002', '2团', '4', '专题讨论会', '2017-11-05 18:43:47', '部门例会', '1111', 1.0, 'admin2', 'admin2', '25', '2团部门例会.xlsx', '大会议室');
insert into meeting (id, endtime, flowtype, flowtypename, instcode, instname, meetingtype, meetingtypename, starttime, subject, summary, timelength, usercode, username, fileid, filename, meetingroom) values (10, '2017-10-24 18:45:46', '2', '审核中', '23011001', '1团', '4', '专题讨论会', '2017-11-05 18:45:43', '1团部门例会', '试试', 1.0, 'admin1', 'admin1', '26', '1团部门例会.xlsx', '小会议室');
insert into meeting (id, endtime, flowtype, flowtypename, instcode, instname, meetingtype, meetingtypename, starttime, subject, summary, timelength, usercode, username, fileid, filename, meetingroom) values (11, '2017-11-22 17:42:46', '2', '审核中', '0', '管理中心', '3', '代表会议', '2017-11-07 17:42:42', '1', '1', 1.0, 'admin', 'admin', '28', 'input_bg.png', '1');
insert into menu (menucode, description, disporder, instclass, instclassname, isleaf, isleafname, menulevel, menuname, opdate, opinstcode, opinstname, oprcode, oprname, url, pmenuinfo_menucode) values ('0', null, null, '0', null, '2', null, 0, '系统菜单', '2017-11-01 11:41:37', '0', '管理中心', 'admin', 'admin', null, null);
insert into menu (menucode, description, disporder, instclass, instclassname, isleaf, isleafname, menulevel, menuname, opdate, opinstcode, opinstname, oprcode, oprname, url, pmenuinfo_menucode) values ('01', '', 34, '1', '机关内部', '1', '否', 2, '角色管理', '2017-11-02 10:19:19', '0', '管理中心', 'admin', 'admin', 'roleController_openRoleList', null);
insert into menu (menucode, description, disporder, instclass, instclassname, isleaf, isleafname, menulevel, menuname, opdate, opinstcode, opinstname, oprcode, oprname, url, pmenuinfo_menucode) values ('1', null, null, '1', null, '2', null, 1, '公共管理', '2017-11-01 11:41:37', '0', '管理中心', 'admin', 'admin', null, '0');
insert into menu (menucode, description, disporder, instclass, instclassname, isleaf, isleafname, menulevel, menuname, opdate, opinstcode, opinstname, oprcode, oprname, url, pmenuinfo_menucode) values ('101', '111', 11, '1', '机关内部', '1', null, 2, '用户管理', '2017-11-01 11:41:37', '0', '管理中心', 'admin', 'admin', 'userController_openUserTree', '1');
insert into menu (menucode, description, disporder, instclass, instclassname, isleaf, isleafname, menulevel, menuname, opdate, opinstcode, opinstname, oprcode, oprname, url, pmenuinfo_menucode) values ('102', '111', 111, '1', '机关内部', '1', null, 2, '部门管理', '2017-11-01 11:41:37', '0', '管理中心', 'admin', 'admin', 'instInfoController_openInstTree', '1');
insert into menu (menucode, description, disporder, instclass, instclassname, isleaf, isleafname, menulevel, menuname, opdate, opinstcode, opinstname, oprcode, oprname, url, pmenuinfo_menucode) values ('103', '1111', 111, '1', '机关内部', '1', null, 2, '菜单管理', '2017-11-01 11:41:37', '0', '管理中心', 'admin', 'admin', 'menuController_openMenuMng', '1');
insert into menu (menucode, description, disporder, instclass, instclassname, isleaf, isleafname, menulevel, menuname, opdate, opinstcode, opinstname, oprcode, oprname, url, pmenuinfo_menucode) values ('104', '1111', 34, '1', '机关内部', '1', '否', 2, '角色管理', '2017-11-01 17:36:39', '0', '管理中心', 'admin', 'admin', 'roleController_openRoleList', '1');
insert into menu (menucode, description, disporder, instclass, instclassname, isleaf, isleafname, menulevel, menuname, opdate, opinstcode, opinstname, oprcode, oprname, url, pmenuinfo_menucode) values ('105', '码表管理', 5, '1', '机关内部', '1', '否', 2, '数据字典', '2017-11-02 11:21:07', '0', '管理中心', 'admin', 'admin', 'dictionaryController_openList', '1');
insert into menu (menucode, description, disporder, instclass, instclassname, isleaf, isleafname, menulevel, menuname, opdate, opinstcode, opinstname, oprcode, oprname, url, pmenuinfo_menucode) values ('2', null, null, '1', '机关内部', '2', '否', 1, '请假管理', '2017-11-01 11:41:37', '0', '管理中心', 'admin', 'admin', null, '0');
insert into menu (menucode, description, disporder, instclass, instclassname, isleaf, isleafname, menulevel, menuname, opdate, opinstcode, opinstname, oprcode, oprname, url, pmenuinfo_menucode) values ('201', '请假', null, '1', '机关内部', '1', '否', 2, '申请列表', '2017-11-01 11:41:37', '0', '管理中心', 'admin', 'admin', 'holidayController_openList', '2');
insert into menu (menucode, description, disporder, instclass, instclassname, isleaf, isleafname, menulevel, menuname, opdate, opinstcode, opinstname, oprcode, oprname, url, pmenuinfo_menucode) values ('202', 'test202', 1, '0', '系统内部', '1', '否', 2, 'test202', '2017-11-01 22:43:37', '0', '管理中心', 'admin', 'admin', 'test202', '2');
insert into menu (menucode, description, disporder, instclass, instclassname, isleaf, isleafname, menulevel, menuname, opdate, opinstcode, opinstname, oprcode, oprname, url, pmenuinfo_menucode) values ('3', 'search', 4, '1', '机关内部', '2', '否', 1, '查询统计', '2017-11-01 11:36:01', '0', '管理中心', 'admin', 'admin', '', '0');
insert into menu (menucode, description, disporder, instclass, instclassname, isleaf, isleafname, menulevel, menuname, opdate, opinstcode, opinstname, oprcode, oprname, url, pmenuinfo_menucode) values ('301', 'user', 123, '0', '系统内部', '1', '否', 2, '用户信息', '2017-11-01 11:43:11', '0', '管理中心', 'admin', 'admin', 'searchInfoController_openUserTree', '3');
insert into menu (menucode, description, disporder, instclass, instclassname, isleaf, isleafname, menulevel, menuname, opdate, opinstcode, opinstname, oprcode, oprname, url, pmenuinfo_menucode) values ('302', 'inst', 123, '1', '机关内部', '1', '否', 2, '部门信息', '2017-11-01 11:44:09', '0', '管理中心', 'admin', 'admin', 'searchInfoController_openInstTree', '3');
insert into menu (menucode, description, disporder, instclass, instclassname, isleaf, isleafname, menulevel, menuname, opdate, opinstcode, opinstname, oprcode, oprname, url, pmenuinfo_menucode) values ('4', '222', 5, '1', '机关内部', '2', '否', 1, '会议管理', '2017-11-01 11:36:01', '0', '管理中心', 'admin', 'admin', '', '0');
insert into menu (menucode, description, disporder, instclass, instclassname, isleaf, isleafname, menulevel, menuname, opdate, opinstcode, opinstname, oprcode, oprname, url, pmenuinfo_menucode) values ('401', '会议', 1, '1', '机关内部', '1', '否', 2, '会议列表', '2017-11-05 12:29:41', '0', '管理中心', 'admin', 'admin', 'meetingController_openList', '4');
insert into menu (menucode, description, disporder, instclass, instclassname, isleaf, isleafname, menulevel, menuname, opdate, opinstcode, opinstname, oprcode, oprname, url, pmenuinfo_menucode) values ('402', 'note', 2, '1', '机关内部', '1', '否', 2, '学习笔记', '2017-11-06 09:21:48', '0', '管理中心', 'admin', 'admin', 'noteController_openList', '4');
insert into note (id, instcode, instname, meetingid, meetingname, notes, updatetime, usercode, username, notename) values (2, '0', '管理中心', 0, '1234567890', '<p style="text-align: left;">啊<strong>发士大夫阿<em><span style="text-decoration:underline;">斯顿发射点你好&nbsp; 朋友</span></em>剖</strong></p><p style="text-align: left;"><br/></p><p style="text-align: left;"><img src="http://img.baidu.com/hi/jx2/j_0001.gif"/>&nbsp; <strong><em><span style="text-decoration:underline;"><span style="text-decoration:line-through;">拉拉啊服饰该法嘎嘎</span></span></em></strong></p><p style="text-align: left;">啊沙发沙发上的<span><span><sub>水岸东方2阿斯蒂芬</sub></span></span></p><p style="text-align: left;"><span><span><sub><strong><em><span style="text-decoration:underline;"><br/></span></em></strong></sub></span></span></p><p style="text-align: left;"><strong><em><span style="text-decoration:underline;">2<sup>2</sup>=4</span></em></strong></p><p style="text-align: left;"><strong><em><span style="text-decoration:underline;"><br/></span></em></strong></p><p style="text-align: left;"><strong><em><span style="text-decoration:underline;"><br/></span></em></strong></p><p style="text-align: left;"><strong><em><span style="text-decoration:underline;"><br/></span></em></strong></p><p style="text-align: left;"><strong><em><span style="text-decoration:underline;"><br/></span></em></strong></p><p style="text-align: left;"><strong><em><span style="text-decoration:underline;"><br/></span></em></strong></p><p style="text-align: left;"><strong><em><span style="text-decoration:underline;"><br/></span></em></strong></p><p style="text-align: left;"><strong><em><span style="text-decoration:underline;"><br/></span></em></strong></p><p style="text-align: left;"><strong><em><span style="text-decoration:underline;"><br/></span></em></strong></p><p style="text-align: left;"><strong><em><span style="text-decoration:underline;"><br/></span></em></strong></p><p style="text-align: left;"><strong><em><span style="text-decoration:underline;"><br/></span></em></strong></p><p style="text-align: left;"><strong><em><span style="text-decoration:underline;"><br/></span></em></strong></p><p style="text-align: left;"><strong><em><span style="text-decoration:underline;"><br/></span></em></strong></p><p style="text-align: left;"><strong><em><span style="text-decoration:underline;"><br/></span></em></strong></p><p style="text-align: left;"><strong><em><span style="text-decoration:underline;"><br/></span></em></strong></p><p style="text-align: left;"><strong><em><span style="text-decoration:underline;"><br/></span></em></strong></p><p style="text-align: left;"><strong><em><span style="text-decoration:underline;">啊手动阀手动阀</span></em></strong></p><p style="text-align: left;"><strong><em><span style="text-decoration:underline;"><br/></span></em></strong></p><p style="text-align: left;"><strong><em><span style="text-decoration:underline;"><br/></span></em></strong></p><p style="text-align: left;"><strong><em><span style="text-decoration:underline;"><br/></span></em></strong></p><p style="text-align: left;"><strong><em><span style="text-decoration:underline;"><br/></span></em></strong></p><p style="text-align: left;"><strong><em><span style="text-decoration:underline;"><br/></span></em></strong></p><p style="text-align: left;"><strong><em><span style="text-decoration:underline;"><br/></span></em></strong></p><p style="text-align: left;"><strong><em><span style="text-decoration:underline;"><br/></span></em></strong></p><p style="text-align: left;"><strong><em><span style="text-decoration:underline;"><br/></span></em></strong></p><p style="text-align: left;"><strong><em><span style="text-decoration:underline;"><br/></span></em></strong></p><p style="text-align: left;"><strong><em><span style="text-decoration:underline;">阿斯蒂芬</span></em></strong></p>', '2017-11-06 17:22:59', 'admin', 'admin', '笔记1');
insert into note (id, instcode, instname, meetingid, meetingname, notes, updatetime, usercode, username, notename) values (3, '0', '管理中心', 0, '1234567890', '<h1 style="text-align: left;"><span style="font-size:24px;font-family:arial, helvetica, sans-serif">&nbsp; </span><span style="font-size:24px;font-family:宋体, SimSun">今天学习党课</span></h1><p style="text-align: left;"><span style="color:#92d050"><strong>1.会议管理 心情愉悦</strong></span></p><p style="text-align: left;">2.请假<img src="http://img.baidu.com/hi/jx2/j_0045.gif"/><span style="background-color: rgb(0, 0, 0);"><span style="background-color: rgb(255, 0, 0);"></span></span></p><p style="text-align: left;"><span style="background-color: rgb(0, 0, 0);"><span style="background-color: rgb(255, 0, 0);">阿斯蒂芬 阿三发射点发 啊师傅阿斯蒂芬</span></span></p>', '2017-11-06 17:26:08', 'admin', 'admin', '笔记2');
insert into note (id, instcode, instname, meetingid, meetingname, notes, updatetime, usercode, username, notename) values (4, '23011002', '2团', 0, '部门例会', '', '2017-11-07 15:30:27', 'user2', 'user2', '笔记3');
insert into note (id, instcode, instname, meetingid, meetingname, notes, updatetime, usercode, username, notename) values (5, '0', '管理中心', 0, '1', '<p style="text-align: left;">阿斯顿发顺丰暗室逢灯阿斯蒂芬阿三阿三阿斯顿阿斯顿<img src="http://img.baidu.com/hi/jx2/j_0048.gif"/></p><hr/><p style="text-align: left;">as fa士大夫</p><p style="text-align: left;">asd发</p><hr/><p style="text-align: left;"><br/></p><p style="text-align: left;">asd发 阿斯蒂芬阿三发生的阿斯蒂芬as 阿三as as的</p><p style="text-align: left;"><br/></p><hr/><p><br/></p><hr/><p><br/></p>', '2017-11-07 17:37:13', 'admin', 'admin', '阿斯顿发发');
insert into role (rolecode, description, instclass, instclassname, opdate, opinstcode, opinstname, oprcode, oprname, rolename) values ('0', 'assd', '0', '系统内部', '2017-11-01 20:22:01', '0', '管理中心', 'admin', 'admin', '超级管理员');
insert into role (rolecode, description, instclass, instclassname, opdate, opinstcode, opinstname, oprcode, oprname, rolename) values ('1', '部门', '1', '机关内部', '2017-11-01 20:22:01', '0', '管理中心', 'admin', 'admin', '部门管理员');
insert into role (rolecode, description, instclass, instclassname, opdate, opinstcode, opinstname, oprcode, oprname, rolename) values ('3', 'xxx', '1', '机关内部', '2017-11-01 20:23:44', '0', '管理中心', 'admin', 'admin', '士兵');
insert into role_menus (role_rolecode, menus_menucode) values ('3', '2');
insert into role_menus (role_rolecode, menus_menucode) values ('3', '201');
insert into role_menus (role_rolecode, menus_menucode) values ('3', '3');
insert into role_menus (role_rolecode, menus_menucode) values ('3', '301');
insert into role_menus (role_rolecode, menus_menucode) values ('3', '302');
insert into role_menus (role_rolecode, menus_menucode) values ('3', '4');
insert into role_menus (role_rolecode, menus_menucode) values ('3', '401');
insert into role_menus (role_rolecode, menus_menucode) values ('3', '402');
insert into role_menus (role_rolecode, menus_menucode) values ('0', '1');
insert into role_menus (role_rolecode, menus_menucode) values ('0', '101');
insert into role_menus (role_rolecode, menus_menucode) values ('0', '102');
insert into role_menus (role_rolecode, menus_menucode) values ('0', '103');
insert into role_menus (role_rolecode, menus_menucode) values ('0', '104');
insert into role_menus (role_rolecode, menus_menucode) values ('0', '105');
insert into role_menus (role_rolecode, menus_menucode) values ('0', '2');
insert into role_menus (role_rolecode, menus_menucode) values ('0', '201');
insert into role_menus (role_rolecode, menus_menucode) values ('0', '3');
insert into role_menus (role_rolecode, menus_menucode) values ('0', '301');
insert into role_menus (role_rolecode, menus_menucode) values ('0', '302');
insert into role_menus (role_rolecode, menus_menucode) values ('0', '4');
insert into role_menus (role_rolecode, menus_menucode) values ('0', '401');
insert into role_menus (role_rolecode, menus_menucode) values ('0', '402');
insert into role_menus (role_rolecode, menus_menucode) values ('1', '1');
insert into role_menus (role_rolecode, menus_menucode) values ('1', '101');
insert into role_menus (role_rolecode, menus_menucode) values ('1', '102');
insert into role_menus (role_rolecode, menus_menucode) values ('1', '2');
insert into role_menus (role_rolecode, menus_menucode) values ('1', '201');
insert into role_menus (role_rolecode, menus_menucode) values ('1', '3');
insert into role_menus (role_rolecode, menus_menucode) values ('1', '301');
insert into role_menus (role_rolecode, menus_menucode) values ('1', '302');
insert into role_menus (role_rolecode, menus_menucode) values ('1', '4');
insert into role_menus (role_rolecode, menus_menucode) values ('1', '401');
insert into role_menus (role_rolecode, menus_menucode) values ('1', '402');
insert into user (usercode, address, certno, certtype, certtypename, email, instname, mobilephone, opdate, oprcode, password, postcode, qq, rolename, telno, userflag, userflagname, username, inst_instcode) values ('admin', '北京市海淀区', '230227198901010000', '1', '身份证', 'jdb@163.com', '管理中心', '13888888888', '2017-10-30 19:33:41', '0', '21232F297A57A5A743894A0E4A801FC3', '160000', '12345', '超级管理员', '3120000', '1', '正常', 'admin', '0');
insert into user (usercode, address, certno, certtype, certtypename, email, instname, mobilephone, opdate, oprcode, password, postcode, qq, rolename, telno, userflag, userflagname, username, inst_instcode) values ('admin1', '123', '123', '2', '军官证', '', '1团', '123', '2017-11-02 09:56:34', 'admin', 'E10ADC3949BA59ABBE56E057F20F883E', '123', '123', '部门管理员', '123', '1', '正常', '一团管理员', '23011001');
insert into user (usercode, address, certno, certtype, certtypename, email, instname, mobilephone, opdate, oprcode, password, postcode, qq, rolename, telno, userflag, userflagname, username, inst_instcode) values ('admin2', '123', '123', 'A', '护照', '', '2团', '123', '2017-11-04 17:50:01', '0', 'E10ADC3949BA59ABBE56E057F20F883E', '123', '123', '部门管理员', '123', '1', '正常', 'admin2', '23011002');
insert into user (usercode, address, certno, certtype, certtypename, email, instname, mobilephone, opdate, oprcode, password, postcode, qq, rolename, telno, userflag, userflagname, username, inst_instcode) values ('user1', '123', '123', 'A', '护照', '', '1团', '123', '2017-11-02 09:55:56', 'admin', 'E10ADC3949BA59ABBE56E057F20F883E', '123', '123', '士兵', '123', '1', '正常', '用户1', '23011001');
insert into user (usercode, address, certno, certtype, certtypename, email, instname, mobilephone, opdate, oprcode, password, postcode, qq, rolename, telno, userflag, userflagname, username, inst_instcode) values ('user2', '123', '123', '1', '身份证', '', '2团', '123', '2017-11-02 09:57:26', 'admin', 'E10ADC3949BA59ABBE56E057F20F883E', '132', '123', '士兵', '123', '1', '正常', 'user2', '23011002');
insert into user_roles (user_usercode, roles_rolecode) values ('admin', '0');
insert into user_roles (user_usercode, roles_rolecode) values ('user1', '3');
insert into user_roles (user_usercode, roles_rolecode) values ('admin1', '1');
insert into user_roles (user_usercode, roles_rolecode) values ('user2', '3');
insert into user_roles (user_usercode, roles_rolecode) values ('admin2', '1');
